Id,Temperature,Humidity,DustDensity,MQ7,Light,Rain,Timestamp
1,26,36,0.5114553571674723,104,764,=1017,2024-08-09 00:00:00
2,39,47,0.3256439285986027,342,386,=1002,2024-08-09 00:01:00
3,34,56,0.04209963982054965,311,206,=1007,2024-08-09 00:02:00
4,30,63,0.3936077711145368,145,540,=1002,2024-08-09 00:03:00
5,27,56,0.6703376991537661,87,628,=1007,2024-08-09 00:04:00
6,26,46,0.12271205965036174,181,415,=1017,2024-08-09 00:05:00
7,38,53,0.48300342357446596,202,793,=1009,2024-08-09 00:06:00
8,30,54,0.14065358206133952,116,379,=1019,2024-08-09 00:07:00
9,30,36,0.37507937913115685,60,143,=1016,2024-08-09 00:08:00
10,23,35,0.06767351475270372,183,24,=1007,2024-08-09 00:09:00
11,27,53,0.3152596553807296,190,821,=1010,2024-08-09 00:10:00
12,22,62,0.5293143302266722,222,667,=1004,2024-08-09 00:11:00
13,21,58,0.24330006696728743,320,72,=1012,2024-08-09 00:12:00
14,31,51,0.4654382071410526,221,631,=1004,2024-08-09 00:13:00
15,25,55,0.5568149725528104,124,823,=1012,2024-08-09 00:14:00
16,21,57,0.6490244736356168,398,832,=1005,2024-08-09 00:15:00
17,20,50,0.16424945729881746,179,92,=1004,2024-08-09 00:16:00
18,31,36,0.27952114106651565,27,504,=1008,2024-08-09 00:17:00
19,31,46,0.1066912093312922,217,597,=1015,2024-08-09 00:18:00
20,36,49,0.6947384515108627,239,335,=1001,2024-08-09 00:19:00
21,29,49,0.6489006775470066,17,424,=1000,2024-08-09 00:20:00
22,35,51,0.3779699911963917,105,498,=1007,2024-08-09 00:21:00
23,34,57,0.5894233060634948,28,363,=1018,2024-08-09 00:22:00
24,34,69,0.3646705840904295,368,946,=1010,2024-08-09 00:23:00
25,38,36,0.4365099816019318,15,629,=1011,2024-08-09 00:24:00
26,31,30,0.062387102481211626,277,744,=1011,2024-08-09 00:25:00
27,39,61,0.5286892943477655,285,198,=1006,2024-08-09 00:26:00
28,22,42,0.08939943854466437,98,717,=1012,2024-08-09 00:27:00
29,24,59,0.5782473411767698,205,412,=1007,2024-08-09 00:28:00
30,38,52,0.5474196613692701,25,338,=1008,2024-08-09 00:29:00
31,26,48,0.49612128842008346,344,658,=1006,2024-08-09 00:30:00
32,28,61,0.02531226636733348,215,961,=1014,2024-08-09 00:31:00
33,26,59,0.21218984916173,144,936,=1001,2024-08-09 00:32:00
34,37,58,0.18417879893758998,297,428,=1019,2024-08-09 00:33:00
35,23,58,0.25209548523006337,302,782,=1011,2024-08-09 00:34:00
36,33,59,0.06134992273468697,105,898,=1000,2024-08-09 00:35:00
37,37,45,0.6558704761217439,308,138,=1007,2024-08-09 00:36:00
38,28,69,0.38766156849866334,363,692,=1004,2024-08-09 00:37:00
39,21,48,0.21386701746061648,32,941,=1014,2024-08-09 00:38:00
40,39,47,0.27788706195199836,45,541,=1000,2024-08-09 00:39:00
41,34,30,0.3130417783533849,359,56,=1000,2024-08-09 00:40:00
42,26,43,0.4204160333524321,307,231,=1009,2024-08-09 00:41:00
43,31,31,0.3609755993875484,150,657,=1009,2024-08-09 00:42:00
44,27,57,0.6435743812500921,260,434,=1014,2024-08-09 00:43:00
45,34,59,0.34787443803408113,231,383,=1016,2024-08-09 00:44:00
46,22,67,0.6945106103763188,240,559,=1005,2024-08-09 00:45:00
47,33,33,0.595997470421567,365,193,=1002,2024-08-09 00:46:00
48,36,30,0.14595736005013504,384,735,=1012,2024-08-09 00:47:00
49,23,37,0.6514166502507414,17,647,=1015,2024-08-09 00:48:00
50,37,58,0.08145647851983326,214,533,=1007,2024-08-09 00:49:00
51,27,68,0.5722147959438341,233,517,=1014,2024-08-09 00:50:00
52,23,32,0.266436305433606,104,715,=1016,2024-08-09 00:51:00
53,21,61,0.6145820243115486,35,750,=1016,2024-08-09 00:52:00
54,25,39,0.6076396830752152,390,184,=1012,2024-08-09 00:53:00
55,29,39,0.5641477800823348,20,871,=1016,2024-08-09 00:54:00
56,23,48,0.5530213054149429,141,291,=1005,2024-08-09 00:55:00
57,37,63,0.21327539736862855,333,334,=1016,2024-08-09 00:56:00
58,31,62,0.05664349813587652,170,731,=1015,2024-08-09 00:57:00
59,21,52,0.282086125135613,314,115,=1013,2024-08-09 00:58:00
60,29,57,0.12146716049055606,104,824,=1012,2024-08-09 00:59:00
61,23,61,0.48646576223172316,113,48,=1005,2024-08-09 01:00:00
62,33,36,0.24226980857644986,347,684,=1002,2024-08-09 01:01:00
63,35,58,0.6829271406019404,177,81,=1013,2024-08-09 01:02:00
64,34,37,0.44868045414173235,241,833,=1013,2024-08-09 01:03:00
65,27,30,0.5757363945440527,166,332,=1014,2024-08-09 01:04:00
66,33,32,0.09276727091929389,397,556,=1007,2024-08-09 01:05:00
67,27,53,0.6034101375908357,220,334,=1014,2024-08-09 01:06:00
68,35,52,0.645930033359376,268,531,=1012,2024-08-09 01:07:00
69,32,37,0.3409433431732551,267,959,=1016,2024-08-09 01:08:00
70,37,66,0.4243770564256842,296,220,=1002,2024-08-09 01:09:00
71,34,32,0.5353668606320968,278,634,=1005,2024-08-09 01:10:00
72,32,62,0.12238703908228878,7,745,=1004,2024-08-09 01:11:00
73,28,57,0.3517962535244097,32,732,=1016,2024-08-09 01:12:00
74,34,37,0.27906411944061915,330,322,=1001,2024-08-09 01:13:00
75,32,63,0.10246179451357437,153,850,=1014,2024-08-09 01:14:00
76,20,64,0.257274095604072,32,2,=1004,2024-08-09 01:15:00
77,26,61,0.0477206165698455,314,693,=1019,2024-08-09 01:16:00
78,28,53,0.01806833486464089,69,205,=1005,2024-08-09 01:17:00
79,20,43,0.09461640240837593,360,831,=1005,2024-08-09 01:18:00
80,31,61,0.6741805781124216,25,39,=1017,2024-08-09 01:19:00
81,27,45,0.3846706751265119,256,58,=1017,2024-08-09 01:20:00
82,30,33,0.676075512807254,239,950,=1003,2024-08-09 01:21:00
83,38,66,0.3027485148310924,231,573,=1016,2024-08-09 01:22:00
84,36,50,0.2182712931596817,17,643,=1013,2024-08-09 01:23:00
85,27,43,0.35429930398817083,317,506,=1013,2024-08-09 01:24:00
86,22,60,0.3076581820430371,53,571,=1012,2024-08-09 01:25:00
87,22,47,0.07396527898322074,122,883,=1006,2024-08-09 01:26:00
88,20,36,0.4485784202831443,58,842,=1011,2024-08-09 01:27:00
89,24,39,0.15122672775671972,142,121,=1014,2024-08-09 01:28:00
90,29,36,0.4337115684284807,57,478,=1018,2024-08-09 01:29:00
91,26,62,0.45514076467870734,48,618,=1010,2024-08-09 01:30:00
92,28,52,0.10641739719005366,307,95,=1014,2024-08-09 01:31:00
93,26,50,0.04294473897746771,57,858,=1011,2024-08-09 01:32:00
94,28,48,0.5465331102479078,78,413,=1002,2024-08-09 01:33:00
95,27,48,0.3218602966385241,50,234,=1016,2024-08-09 01:34:00
96,31,65,0.04071465685383305,17,897,=1002,2024-08-09 01:35:00
97,21,58,0.696406422018837,169,61,=1018,2024-08-09 01:36:00
98,20,47,0.040446392697456646,106,255,=1019,2024-08-09 01:37:00
99,35,31,0.48652466020098717,284,560,=1003,2024-08-09 01:38:00
100,24,30,0.6885752476843895,262,904,=1002,2024-08-09 01:39:00
101,22,34,0.16742607295114792,341,347,=1015,2024-08-09 01:40:00
102,31,49,0.09957455808103732,360,670,=1011,2024-08-09 01:41:00
103,27,40,0.08496945759570022,142,123,=1007,2024-08-09 01:42:00
104,22,31,0.21229260329731686,167,481,=1016,2024-08-09 01:43:00
105,20,32,0.07073206770745268,391,316,=1006,2024-08-09 01:44:00
106,22,52,0.4845129391858923,115,503,=1010,2024-08-09 01:45:00
107,24,41,0.04360425869104388,106,718,=1017,2024-08-09 01:46:00
108,34,49,0.3565954897048528,21,47,=1000,2024-08-09 01:47:00
109,33,34,0.6976877976970837,272,408,=1002,2024-08-09 01:48:00
110,22,66,0.5697791886542132,186,931,=1003,2024-08-09 01:49:00
111,20,67,0.4306536067617076,376,135,=1012,2024-08-09 01:50:00
112,24,59,0.21437753455062816,28,200,=1005,2024-08-09 01:51:00
113,33,38,0.4367270854041469,33,249,=1013,2024-08-09 01:52:00
114,26,63,0.36892902473815614,175,313,=1004,2024-08-09 01:53:00
115,28,64,0.29825836872326,232,868,=1015,2024-08-09 01:54:00
116,34,51,0.09149726371813963,382,367,=1014,2024-08-09 01:55:00
117,34,53,0.6206229506683266,192,428,=1014,2024-08-09 01:56:00
118,29,46,0.31484925417492576,350,829,=1003,2024-08-09 01:57:00
119,32,39,0.13623575827453555,234,806,=1007,2024-08-09 01:58:00
120,38,59,0.2574315456141027,325,479,=1015,2024-08-09 01:59:00
121,26,52,0.2898908267702489,344,313,=1015,2024-08-09 02:00:00
122,36,61,0.579276526896812,123,499,=1003,2024-08-09 02:01:00
123,39,46,0.5135300663929814,160,720,=1012,2024-08-09 02:02:00
124,23,46,0.5385134255489378,276,354,=1012,2024-08-09 02:03:00
125,24,43,0.0077218851000530496,179,484,=1001,2024-08-09 02:04:00
126,26,38,0.291307798725833,108,210,=1002,2024-08-09 02:05:00
127,32,69,0.3369409061447265,96,703,=1007,2024-08-09 02:06:00
128,34,31,0.01343459377613968,190,43,=1014,2024-08-09 02:07:00
129,30,54,0.18186924612152394,287,540,=1010,2024-08-09 02:08:00
130,23,68,0.5322028761854944,185,570,=1008,2024-08-09 02:09:00
131,32,38,0.09597679401029933,174,582,=1006,2024-08-09 02:10:00
132,26,51,0.37471709201681414,191,91,=1012,2024-08-09 02:11:00
133,38,33,0.15064131041206624,179,264,=1001,2024-08-09 02:12:00
134,21,55,0.00848454225072529,226,894,=1007,2024-08-09 02:13:00
135,29,58,0.168841020319679,237,219,=1006,2024-08-09 02:14:00
136,32,63,0.6831116284370377,166,901,=1011,2024-08-09 02:15:00
137,25,52,0.5610759783180926,138,924,=1018,2024-08-09 02:16:00
138,31,66,0.6717036510247233,395,441,=1006,2024-08-09 02:17:00
139,31,40,0.3414978307484537,228,400,=1009,2024-08-09 02:18:00
140,39,35,0.07681533907425245,157,399,=1015,2024-08-09 02:19:00
141,30,47,0.383571642281585,37,726,=1002,2024-08-09 02:20:00
142,26,50,0.3180641341919726,59,990,=1009,2024-08-09 02:21:00
143,20,65,0.5910499579177312,11,898,=1005,2024-08-09 02:22:00
144,20,67,0.0686578065489712,248,788,=1017,2024-08-09 02:23:00
145,39,63,0.3417687959152447,317,575,=1017,2024-08-09 02:24:00
146,32,46,0.10503406528578897,130,857,=1004,2024-08-09 02:25:00
147,28,66,0.22727314882304198,16,803,=1006,2024-08-09 02:26:00
148,22,54,0.5161499541714597,20,489,=1001,2024-08-09 02:27:00
149,26,67,0.33321269055813657,212,484,=1010,2024-08-09 02:28:00
150,25,41,0.2631217996020385,47,756,=1012,2024-08-09 02:29:00
151,27,52,0.2761333949990247,377,469,=1004,2024-08-09 02:30:00
152,28,51,0.32161273788419065,139,573,=1005,2024-08-09 02:31:00
153,24,50,0.5495115806859397,232,937,=1013,2024-08-09 02:32:00
154,20,56,0.624459282258164,115,843,=1011,2024-08-09 02:33:00
155,38,60,0.6687342805527497,311,681,=1003,2024-08-09 02:34:00
156,29,35,0.5508323703787066,164,444,=1005,2024-08-09 02:35:00
157,31,56,0.22078482702360888,335,268,=1009,2024-08-09 02:36:00
158,34,69,0.48169429426057947,268,266,=1017,2024-08-09 02:37:00
159,28,63,0.3063221868387743,229,53,=1014,2024-08-09 02:38:00
160,39,41,0.1782694354322358,221,527,=1007,2024-08-09 02:39:00
161,36,36,0.5886101055981457,49,519,=1008,2024-08-09 02:40:00
162,36,39,0.026898444273627496,218,615,=1004,2024-08-09 02:41:00
163,39,46,0.6312333944947964,63,58,=1009,2024-08-09 02:42:00
164,31,55,0.3230342252373139,136,824,=1019,2024-08-09 02:43:00
165,26,50,0.4460410337657963,108,39,=1005,2024-08-09 02:44:00
166,21,57,0.46154774554404787,199,236,=1015,2024-08-09 02:45:00
167,22,31,0.6265824184945754,161,954,=1002,2024-08-09 02:46:00
168,36,30,0.4456687775170451,102,385,=1009,2024-08-09 02:47:00
169,24,65,0.4297535093320432,230,605,=1010,2024-08-09 02:48:00
170,36,55,0.04665642839248297,209,733,=1010,2024-08-09 02:49:00
171,36,58,0.3628856153616428,83,715,=1016,2024-08-09 02:50:00
172,36,50,0.10511830057192915,128,649,=1003,2024-08-09 02:51:00
173,21,40,0.5162036381050399,222,299,=1003,2024-08-09 02:52:00
174,21,69,0.3585553445688721,8,394,=1016,2024-08-09 02:53:00
175,24,40,0.47615944544584726,94,206,=1008,2024-08-09 02:54:00
176,20,65,0.029171030421668985,108,335,=1018,2024-08-09 02:55:00
177,20,68,0.05935441123206225,397,592,=1004,2024-08-09 02:56:00
178,38,69,0.5014263716438776,123,729,=1005,2024-08-09 02:57:00
179,21,64,0.050459035199071356,137,513,=1002,2024-08-09 02:58:00
180,31,63,0.04987970943568101,316,177,=1000,2024-08-09 02:59:00
181,25,53,0.008475932664421214,100,395,=1019,2024-08-09 03:00:00
182,23,51,0.669550978809636,335,370,=1015,2024-08-09 03:01:00
183,30,34,0.5162558516213048,147,857,=1010,2024-08-09 03:02:00
184,36,62,0.2472759859514449,292,790,=1012,2024-08-09 03:03:00
185,25,65,0.20757490690135866,32,657,=1009,2024-08-09 03:04:00
186,24,49,0.24479226082209468,282,317,=1002,2024-08-09 03:05:00
187,39,48,0.5422574718268273,237,735,=1008,2024-08-09 03:06:00
188,21,64,0.46295942774929005,21,368,=1011,2024-08-09 03:07:00
189,25,46,0.12963689750722754,63,383,=1013,2024-08-09 03:08:00
190,30,63,0.12187653473385904,94,61,=1000,2024-08-09 03:09:00
191,35,38,0.06887695479937811,203,805,=1017,2024-08-09 03:10:00
192,35,55,0.4622119037909367,366,504,=1016,2024-08-09 03:11:00
193,20,31,0.5350608635552151,30,238,=1008,2024-08-09 03:12:00
194,28,38,0.1855324998275028,29,194,=1008,2024-08-09 03:13:00
195,25,38,0.014661472721638967,398,677,=1009,2024-08-09 03:14:00
196,35,69,0.05752016723349914,305,962,=1018,2024-08-09 03:15:00
197,22,46,0.6775020243915213,343,221,=1014,2024-08-09 03:16:00
198,39,30,0.20681134423419417,271,60,=1004,2024-08-09 03:17:00
199,23,54,0.5384562034866935,185,128,=1014,2024-08-09 03:18:00
200,38,69,0.43726449819798463,364,989,=1019,2024-08-09 03:19:00
201,22,54,0.2673577477570271,72,684,=1001,2024-08-09 03:20:00
202,38,68,0.14398108353688857,355,991,=1012,2024-08-09 03:21:00
203,39,64,0.0849704927115845,325,155,=1015,2024-08-09 03:22:00
204,26,32,0.43050907762720664,53,916,=1014,2024-08-09 03:23:00
205,39,66,0.5422436464464515,179,377,=1009,2024-08-09 03:24:00
206,28,59,0.45073297747879143,56,621,=1013,2024-08-09 03:25:00
207,20,67,0.3712114932744108,106,780,=1009,2024-08-09 03:26:00
208,27,63,0.029365856402145382,220,922,=1013,2024-08-09 03:27:00
209,26,41,0.6779421443160686,192,867,=1008,2024-08-09 03:28:00
210,37,48,0.5590999341582021,61,902,=1013,2024-08-09 03:29:00
211,27,66,0.2049754256906753,51,789,=1002,2024-08-09 03:30:00
212,20,46,0.6859792305511954,163,585,=1019,2024-08-09 03:31:00
213,30,39,0.42131711274542544,178,998,=1015,2024-08-09 03:32:00
214,37,41,0.4076958607450725,246,436,=1001,2024-08-09 03:33:00
215,29,45,0.5236512256006725,286,974,=1009,2024-08-09 03:34:00
216,22,53,0.5682388516630963,245,206,=1002,2024-08-09 03:35:00
217,26,48,0.4595350251320518,374,387,=1010,2024-08-09 03:36:00
218,35,37,0.08966702245634,9,479,=1010,2024-08-09 03:37:00
219,35,60,0.23678725419614885,88,790,=1012,2024-08-09 03:38:00
220,39,50,0.6496585482282348,312,886,=1006,2024-08-09 03:39:00
221,36,46,0.15723092829069635,365,837,=1016,2024-08-09 03:40:00
222,21,52,0.2605169166862593,252,983,=1001,2024-08-09 03:41:00
223,20,66,0.3024538180609372,58,339,=1011,2024-08-09 03:42:00
224,35,45,0.3075834927861165,165,868,=1009,2024-08-09 03:43:00
225,31,35,0.42905770774616786,230,339,=1017,2024-08-09 03:44:00
226,24,37,0.6601530864212953,19,203,=1010,2024-08-09 03:45:00
227,24,54,0.16848489828275345,228,160,=1015,2024-08-09 03:46:00
228,28,47,0.08505096341064264,65,539,=1016,2024-08-09 03:47:00
229,28,54,0.1382293429019561,126,391,=1018,2024-08-09 03:48:00
230,22,41,0.6208474301464886,281,768,=1017,2024-08-09 03:49:00
231,38,44,0.4520675688586442,50,676,=1002,2024-08-09 03:50:00
232,35,55,0.20013475246741208,394,574,=1015,2024-08-09 03:51:00
233,35,55,0.5711628572780321,298,533,=1005,2024-08-09 03:52:00
234,22,61,0.6029589974544052,66,69,=1011,2024-08-09 03:53:00
235,39,39,0.5925600370831946,90,892,=1010,2024-08-09 03:54:00
236,20,45,0.643248573547688,214,404,=1014,2024-08-09 03:55:00
237,39,36,0.1765687141213531,82,607,=1014,2024-08-09 03:56:00
238,30,46,0.5285293501223948,206,674,=1015,2024-08-09 03:57:00
239,36,52,0.322377648091898,306,590,=1009,2024-08-09 03:58:00
240,27,55,0.589398987023043,227,516,=1011,2024-08-09 03:59:00
241,23,50,0.5099434740131292,226,827,=1012,2024-08-09 04:00:00
242,25,51,0.5435132125498072,7,119,=1003,2024-08-09 04:01:00
243,27,36,0.45931328637675,10,813,=1006,2024-08-09 04:02:00
244,39,43,0.1242001386287948,97,689,=1001,2024-08-09 04:03:00
245,22,44,0.3815188432278568,12,687,=1014,2024-08-09 04:04:00
246,35,36,0.6892688176671558,239,901,=1007,2024-08-09 04:05:00
247,22,38,0.6561716465479832,112,216,=1006,2024-08-09 04:06:00
248,37,37,0.030221615057908168,165,55,=1014,2024-08-09 04:07:00
249,33,52,0.11537037101060597,213,365,=1013,2024-08-09 04:08:00
250,37,58,0.09221014141819334,244,698,=1007,2024-08-09 04:09:00
251,21,47,0.5081859369897068,335,503,=1011,2024-08-09 04:10:00
252,22,60,0.5724497308998615,337,743,=1012,2024-08-09 04:11:00
253,35,59,0.14945795641747034,54,766,=1010,2024-08-09 04:12:00
254,28,68,0.3540968850662803,15,924,=1016,2024-08-09 04:13:00
255,23,64,0.58849211960784,355,454,=1016,2024-08-09 04:14:00
256,20,47,0.5129610813363754,160,103,=1003,2024-08-09 04:15:00
257,23,68,0.37956604384429377,74,76,=1007,2024-08-09 04:16:00
258,20,46,0.413243383321141,173,229,=1004,2024-08-09 04:17:00
259,33,43,0.355852382841396,276,913,=1015,2024-08-09 04:18:00
260,35,60,0.20828391592317438,72,257,=1003,2024-08-09 04:19:00
261,39,53,0.3955153950013113,359,263,=1014,2024-08-09 04:20:00
262,27,64,0.4822197114350634,256,330,=1011,2024-08-09 04:21:00
263,26,63,0.6113260411025654,52,992,=1004,2024-08-09 04:22:00
264,22,32,0.4454039477854736,188,181,=1015,2024-08-09 04:23:00
265,36,66,0.5327850759302105,324,892,=1013,2024-08-09 04:24:00
266,20,69,0.1120501444682011,191,767,=1009,2024-08-09 04:25:00
267,35,55,0.3230902320938529,94,549,=1006,2024-08-09 04:26:00
268,31,52,0.006532133878965307,336,687,=1012,2024-08-09 04:27:00
269,38,68,0.1726752051651361,143,26,=1019,2024-08-09 04:28:00
270,33,44,0.5085232005791034,361,275,=1004,2024-08-09 04:29:00
271,25,33,0.6942669659445544,93,651,=1002,2024-08-09 04:30:00
272,25,58,0.06942466971105113,278,298,=1014,2024-08-09 04:31:00
273,32,51,0.2810460211029018,23,956,=1003,2024-08-09 04:32:00
274,38,54,0.5600496780894116,315,798,=1014,2024-08-09 04:33:00
275,27,42,0.14282494424022918,362,90,=1013,2024-08-09 04:34:00
276,21,47,0.38855946451160034,378,479,=1019,2024-08-09 04:35:00
277,20,62,0.5131499072207724,158,572,=1018,2024-08-09 04:36:00
278,34,45,0.4311898151821253,394,457,=1012,2024-08-09 04:37:00
279,20,31,0.1316173142307913,264,450,=1009,2024-08-09 04:38:00
280,24,64,0.24876919808001757,112,364,=1004,2024-08-09 04:39:00
281,35,63,0.548654249139778,375,858,=1019,2024-08-09 04:40:00
282,38,59,0.3879585598924116,289,674,=1019,2024-08-09 04:41:00
283,23,42,0.0036607294800389155,63,350,=1005,2024-08-09 04:42:00
284,22,42,0.5326935320196656,129,654,=1003,2024-08-09 04:43:00
285,36,47,0.024717948458167348,358,399,=1001,2024-08-09 04:44:00
286,36,61,0.5220136479118624,277,252,=1015,2024-08-09 04:45:00
287,31,61,0.1417363921156662,111,780,=1017,2024-08-09 04:46:00
288,33,64,0.6706514360835661,303,880,=1004,2024-08-09 04:47:00
289,25,68,0.2575585259114591,249,802,=1003,2024-08-09 04:48:00
290,22,58,0.22885213143665536,340,458,=1012,2024-08-09 04:49:00
291,28,58,0.10422163523271127,251,698,=1018,2024-08-09 04:50:00
292,24,45,0.2139229508431504,12,916,=1001,2024-08-09 04:51:00
293,36,39,0.6136555332797403,145,498,=1012,2024-08-09 04:52:00
294,33,59,0.6974340363390731,366,949,=1010,2024-08-09 04:53:00
295,22,54,0.2578166713547938,12,970,=1003,2024-08-09 04:54:00
296,20,68,0.31402744166817975,356,925,=1019,2024-08-09 04:55:00
297,39,49,0.5054496567419159,98,507,=1019,2024-08-09 04:56:00
298,20,34,0.6203370463255521,325,303,=1014,2024-08-09 04:57:00
299,22,30,0.4151310339307489,43,500,=1003,2024-08-09 04:58:00
300,37,59,0.2740679887244805,85,802,=1008,2024-08-09 04:59:00
301,29,32,0.2888352885940366,191,597,=1006,2024-08-09 05:00:00
302,22,43,0.4869327025477648,88,165,=1018,2024-08-09 05:01:00
303,27,59,0.002252784522995077,92,414,=1018,2024-08-09 05:02:00
304,33,33,0.43371253622188843,246,461,=1005,2024-08-09 05:03:00
305,37,47,0.24884510730895015,346,919,=1005,2024-08-09 05:04:00
306,34,66,0.5559381318939589,97,113,=1019,2024-08-09 05:05:00
307,21,54,0.0650934478761925,90,432,=1014,2024-08-09 05:06:00
308,29,30,0.41174158686387335,48,991,=1014,2024-08-09 05:07:00
309,21,44,0.3366810229202866,141,355,=1019,2024-08-09 05:08:00
310,36,38,0.4496278681336591,78,927,=1008,2024-08-09 05:09:00
311,27,44,0.04539751613807784,40,694,=1003,2024-08-09 05:10:00
312,20,53,0.40598865119969185,105,206,=1017,2024-08-09 05:11:00
313,28,33,0.3930392115716666,160,767,=1017,2024-08-09 05:12:00
314,30,41,0.3924620660913196,259,234,=1004,2024-08-09 05:13:00
315,35,66,0.42244136661751835,175,441,=1019,2024-08-09 05:14:00
316,26,66,0.47352755605845354,220,354,=1010,2024-08-09 05:15:00
317,29,35,0.5634922997765388,174,514,=1004,2024-08-09 05:16:00
318,22,68,0.18887450408975004,256,207,=1003,2024-08-09 05:17:00
319,37,53,0.5775345871260434,364,708,=1011,2024-08-09 05:18:00
320,32,40,0.3487789775844175,326,852,=1001,2024-08-09 05:19:00
321,26,42,0.053940795394031814,59,124,=1012,2024-08-09 05:20:00
322,23,63,0.04098565047078544,95,137,=1009,2024-08-09 05:21:00
323,32,54,0.23396682308724254,282,338,=1008,2024-08-09 05:22:00
324,39,36,0.5494278839780272,105,536,=1009,2024-08-09 05:23:00
325,20,33,0.495376654318641,159,67,=1006,2024-08-09 05:24:00
326,27,37,0.5520304752706845,381,572,=1003,2024-08-09 05:25:00
327,33,49,0.36208833950912656,353,540,=1018,2024-08-09 05:26:00
328,35,58,0.30813929856884337,368,382,=1009,2024-08-09 05:27:00
329,33,39,0.10321676869439876,145,18,=1002,2024-08-09 05:28:00
330,31,63,0.22973492752651806,177,682,=1018,2024-08-09 05:29:00
331,38,55,0.30381355632171264,14,449,=1001,2024-08-09 05:30:00
332,34,32,0.062020300775732055,232,73,=1019,2024-08-09 05:31:00
333,21,35,0.15442836689784786,269,572,=1009,2024-08-09 05:32:00
334,21,34,0.41875770584461713,252,938,=1001,2024-08-09 05:33:00
335,38,34,0.5149641799674328,251,664,=1001,2024-08-09 05:34:00
336,36,52,0.6988432579750647,159,275,=1016,2024-08-09 05:35:00
337,39,38,0.6531793319404904,38,47,=1015,2024-08-09 05:36:00
338,29,64,0.44979563967463404,133,210,=1015,2024-08-09 05:37:00
339,25,49,0.29487363730585037,164,854,=1013,2024-08-09 05:38:00
340,34,64,0.44532415529576286,93,919,=1006,2024-08-09 05:39:00
341,30,47,0.5499561326561624,97,650,=1010,2024-08-09 05:40:00
342,24,46,0.08283533364637112,331,621,=1000,2024-08-09 05:41:00
343,20,53,0.28693342278740175,245,993,=1010,2024-08-09 05:42:00
344,27,32,0.587861599944932,327,694,=1003,2024-08-09 05:43:00
345,31,61,0.2686830663531308,121,539,=1006,2024-08-09 05:44:00
346,31,64,0.40031058985903056,98,708,=1014,2024-08-09 05:45:00
347,24,67,0.41143855260353873,167,190,=1017,2024-08-09 05:46:00
348,26,42,0.12913337719354753,103,314,=1011,2024-08-09 05:47:00
349,23,54,0.25356480915660184,117,900,=1016,2024-08-09 05:48:00
350,25,38,0.23415790211935247,363,562,=1000,2024-08-09 05:49:00
351,32,33,0.018337695972445354,95,660,=1010,2024-08-09 05:50:00
352,39,43,0.01693423472394867,350,779,=1000,2024-08-09 05:51:00
353,34,66,0.5821879305730414,210,561,=1014,2024-08-09 05:52:00
354,22,63,0.1911495669809687,21,899,=1009,2024-08-09 05:53:00
355,27,40,0.3626551363671708,278,757,=1006,2024-08-09 05:54:00
356,39,32,0.20910790151214112,177,112,=1001,2024-08-09 05:55:00
357,35,57,0.6584754715807383,120,169,=1009,2024-08-09 05:56:00
358,32,58,0.1815077312060416,353,467,=1003,2024-08-09 05:57:00
359,37,38,0.30075976891725453,185,677,=1011,2024-08-09 05:58:00
360,29,32,0.6109111753392212,95,920,=1018,2024-08-09 05:59:00
361,38,54,0.589353496754266,86,13,=1010,2024-08-09 06:00:00
362,36,63,0.13027099249239413,328,714,=1007,2024-08-09 06:01:00
363,38,41,0.5618503168569973,118,287,=1017,2024-08-09 06:02:00
364,24,38,0.3207308207165248,261,906,=1010,2024-08-09 06:03:00
365,28,44,0.3380782104597486,62,188,=1010,2024-08-09 06:04:00
366,31,69,0.09343598069116064,158,913,=1012,2024-08-09 06:05:00
367,20,54,0.05642105962998725,369,154,=1002,2024-08-09 06:06:00
368,20,34,0.5095575148816356,120,566,=1011,2024-08-09 06:07:00
369,34,40,0.3475228066487098,347,693,=1002,2024-08-09 06:08:00
370,21,63,0.30579549183062565,270,721,=1009,2024-08-09 06:09:00
371,35,53,0.5106557600566777,319,887,=1016,2024-08-09 06:10:00
372,27,44,0.5358590292937768,207,470,=1001,2024-08-09 06:11:00
373,32,67,0.11123571736854748,45,74,=1016,2024-08-09 06:12:00
374,20,37,0.4271576046343489,109,276,=1015,2024-08-09 06:13:00
375,35,34,0.09474785759437987,393,939,=1001,2024-08-09 06:14:00
376,26,55,0.5259625602203319,382,644,=1019,2024-08-09 06:15:00
377,24,47,0.45986860938699764,197,342,=1005,2024-08-09 06:16:00
378,22,35,0.6696302347584205,282,424,=1009,2024-08-09 06:17:00
379,31,66,0.04827061144949482,358,570,=1009,2024-08-09 06:18:00
380,35,42,0.03993830480587802,241,510,=1007,2024-08-09 06:19:00
381,38,57,0.1975309522852401,225,856,=1000,2024-08-09 06:20:00
382,24,34,0.18319397861513417,72,181,=1012,2024-08-09 06:21:00
383,33,42,0.17288515935039986,201,457,=1008,2024-08-09 06:22:00
384,24,46,0.6343782063647256,260,917,=1009,2024-08-09 06:23:00
385,34,69,0.17468233989465426,143,850,=1014,2024-08-09 06:24:00
386,36,61,0.19036480829004168,316,832,=1004,2024-08-09 06:25:00
387,33,58,0.5315787836925746,153,63,=1015,2024-08-09 06:26:00
388,39,32,0.314817889715378,103,838,=1012,2024-08-09 06:27:00
389,24,69,0.5436973898686268,80,259,=1019,2024-08-09 06:28:00
390,31,63,0.045756310295069665,286,192,=1017,2024-08-09 06:29:00
391,35,69,0.341299835571369,375,654,=1010,2024-08-09 06:30:00
392,35,56,0.023529520128297843,113,615,=1008,2024-08-09 06:31:00
393,26,42,0.043857242418748166,192,971,=1015,2024-08-09 06:32:00
394,23,62,0.6345062173410876,203,405,=1001,2024-08-09 06:33:00
395,20,35,0.0974717597823166,307,725,=1001,2024-08-09 06:34:00
396,24,53,0.37269447759265195,331,753,=1011,2024-08-09 06:35:00
397,29,48,0.28776692182049457,158,942,=1007,2024-08-09 06:36:00
398,24,45,0.24314032838118985,44,720,=1008,2024-08-09 06:37:00
399,23,69,0.6298833419810906,137,92,=1011,2024-08-09 06:38:00
400,21,57,0.01527637774284265,136,429,=1008,2024-08-09 06:39:00
401,39,62,0.46465278032291235,283,653,=1009,2024-08-09 06:40:00
402,29,42,0.6743761039494852,366,433,=1001,2024-08-09 06:41:00
403,38,54,0.39211772842328935,88,403,=1015,2024-08-09 06:42:00
404,20,65,0.6557757234231643,246,433,=1019,2024-08-09 06:43:00
405,24,56,0.03658051550021663,120,111,=1006,2024-08-09 06:44:00
406,32,67,0.29315532335191297,113,928,=1001,2024-08-09 06:45:00
407,23,36,0.1821104536734358,225,374,=1000,2024-08-09 06:46:00
408,35,34,0.5115746754865108,396,58,=1018,2024-08-09 06:47:00
409,35,60,0.6869079633480726,45,42,=1003,2024-08-09 06:48:00
410,21,52,0.17957104371097346,372,206,=1001,2024-08-09 06:49:00
411,36,39,0.4579222210318521,151,779,=1013,2024-08-09 06:50:00
412,39,61,0.13866834293181807,116,295,=1001,2024-08-09 06:51:00
413,31,59,0.39573117820012693,107,117,=1014,2024-08-09 06:52:00
414,37,68,0.3247527406818353,50,531,=1011,2024-08-09 06:53:00
415,22,60,0.6804037307420759,328,221,=1004,2024-08-09 06:54:00
416,20,47,0.42596909088752655,382,165,=1019,2024-08-09 06:55:00
417,20,65,0.24465446046077313,275,642,=1006,2024-08-09 06:56:00
418,38,31,0.07986704942155336,389,155,=1009,2024-08-09 06:57:00
419,30,43,0.10587278011445418,199,183,=1013,2024-08-09 06:58:00
420,24,42,0.15772185096586455,371,89,=1013,2024-08-09 06:59:00
421,31,58,0.17567666293820858,284,93,=1004,2024-08-09 07:00:00
422,22,41,0.5954312404887965,287,12,=1017,2024-08-09 07:01:00
423,20,68,0.39285595179776744,44,972,=1013,2024-08-09 07:02:00
424,20,31,0.36637363796205646,193,833,=1001,2024-08-09 07:03:00
425,27,61,0.08033821030845223,168,804,=1011,2024-08-09 07:04:00
426,29,42,0.6020977853446045,28,944,=1005,2024-08-09 07:05:00
427,30,56,0.5059700122459386,28,741,=1003,2024-08-09 07:06:00
428,31,46,0.047367853330001104,8,833,=1012,2024-08-09 07:07:00
429,32,69,0.495484568060838,327,803,=1003,2024-08-09 07:08:00
430,31,60,0.3804767521398522,294,437,=1013,2024-08-09 07:09:00
431,33,63,0.05720774202274478,185,537,=1015,2024-08-09 07:10:00
432,21,53,0.3208104490700595,252,586,=1003,2024-08-09 07:11:00
433,38,64,0.3392874009910329,120,967,=1000,2024-08-09 07:12:00
434,37,35,0.11604217811429302,283,875,=1012,2024-08-09 07:13:00
435,22,48,0.6619887029001976,369,935,=1003,2024-08-09 07:14:00
436,36,59,0.5949827600364633,73,810,=1019,2024-08-09 07:15:00
437,27,36,0.4683156361303758,355,149,=1017,2024-08-09 07:16:00
438,29,39,0.32360689270042503,258,659,=1005,2024-08-09 07:17:00
439,21,61,0.28823587910915593,185,7,=1002,2024-08-09 07:18:00
440,38,63,0.4556814270056679,322,28,=1012,2024-08-09 07:19:00
441,28,57,0.3818023085848338,173,295,=1015,2024-08-09 07:20:00
442,26,44,0.04359117411731993,317,985,=1004,2024-08-09 07:21:00
443,23,59,0.35875185413923216,253,925,=1003,2024-08-09 07:22:00
444,37,66,0.5644825320629876,192,720,=1007,2024-08-09 07:23:00
445,32,58,0.32146791431787064,58,639,=1018,2024-08-09 07:24:00
446,30,51,0.03636960428798788,330,339,=1013,2024-08-09 07:25:00
447,23,33,0.5503947395688231,361,627,=1006,2024-08-09 07:26:00
448,23,49,0.14095464749518205,317,438,=1013,2024-08-09 07:27:00
449,29,61,0.18103458442162712,142,143,=1005,2024-08-09 07:28:00
450,24,65,0.11529444740260712,172,941,=1011,2024-08-09 07:29:00
451,28,33,0.23115054541004826,395,829,=1015,2024-08-09 07:30:00
452,22,56,0.5297260539820445,107,746,=1016,2024-08-09 07:31:00
453,36,46,0.3635701016527561,89,518,=1012,2024-08-09 07:32:00
454,22,41,0.14341689190549878,321,975,=1013,2024-08-09 07:33:00
455,35,51,0.6144810547064286,216,44,=1006,2024-08-09 07:34:00
456,23,46,0.6157072984660704,7,954,=1013,2024-08-09 07:35:00
457,37,39,0.6094048975322048,388,238,=1014,2024-08-09 07:36:00
458,36,30,0.16715734796707749,183,951,=1011,2024-08-09 07:37:00
459,26,51,0.31586754092669167,346,943,=1016,2024-08-09 07:38:00
460,24,55,0.6894927592986125,307,154,=1008,2024-08-09 07:39:00
461,31,47,0.5404087334169932,336,180,=1014,2024-08-09 07:40:00
462,36,43,0.01901719485789187,42,214,=1011,2024-08-09 07:41:00
463,32,58,0.045643213882344436,243,87,=1001,2024-08-09 07:42:00
464,22,41,0.3247519637686329,173,255,=1004,2024-08-09 07:43:00
465,28,65,0.6364541441030921,347,510,=1012,2024-08-09 07:44:00
466,36,64,0.37709125856689996,318,72,=1019,2024-08-09 07:45:00
467,36,41,0.34846875562400315,310,930,=1007,2024-08-09 07:46:00
468,39,36,0.0738315899696414,34,178,=1013,2024-08-09 07:47:00
469,35,58,0.4597460733070058,194,211,=1014,2024-08-09 07:48:00
470,32,40,0.5754722124201578,361,804,=1010,2024-08-09 07:49:00
471,38,62,0.2662940052552936,29,233,=1000,2024-08-09 07:50:00
472,36,35,0.5429282956477292,116,464,=1002,2024-08-09 07:51:00
473,23,44,0.6751336577305681,210,750,=1016,2024-08-09 07:52:00
474,31,61,0.14263652138938235,189,222,=1018,2024-08-09 07:53:00
475,28,40,0.36633074183631886,386,630,=1013,2024-08-09 07:54:00
476,38,52,0.20099657065920287,383,824,=1007,2024-08-09 07:55:00
477,31,55,0.5549980933236875,51,263,=1012,2024-08-09 07:56:00
478,28,63,0.40431535611681024,378,206,=1019,2024-08-09 07:57:00
479,26,63,0.4442076922852126,232,606,=1002,2024-08-09 07:58:00
480,33,58,0.5585399117311258,43,884,=1004,2024-08-09 07:59:00
481,39,33,0.2771793308637184,20,733,=1008,2024-08-09 08:00:00
482,38,46,0.6405630478849302,26,365,=1005,2024-08-09 08:01:00
483,34,64,0.3731202070722979,217,275,=1001,2024-08-09 08:02:00
484,35,42,0.1105683759847436,314,379,=1012,2024-08-09 08:03:00
485,24,68,0.4871293827181617,153,742,=1004,2024-08-09 08:04:00
486,22,44,0.555282945306778,245,308,=1007,2024-08-09 08:05:00
487,31,58,0.22173317394726866,276,630,=1000,2024-08-09 08:06:00
488,39,58,0.600025479899127,63,267,=1019,2024-08-09 08:07:00
489,23,40,0.6343002783360364,291,944,=1011,2024-08-09 08:08:00
490,35,61,0.19383314116446623,206,784,=1010,2024-08-09 08:09:00
491,26,31,0.6884650309006554,36,63,=1006,2024-08-09 08:10:00
492,32,43,0.09849806963413088,166,809,=1014,2024-08-09 08:11:00
493,29,49,0.14141096788174295,259,349,=1010,2024-08-09 08:12:00
494,26,51,0.12895738746661828,258,924,=1015,2024-08-09 08:13:00
495,33,40,0.6257927970055093,13,914,=1002,2024-08-09 08:14:00
496,24,56,0.4580047866274733,143,493,=1019,2024-08-09 08:15:00
497,22,32,0.106472998255591,14,522,=1013,2024-08-09 08:16:00
498,30,46,0.30822639285784426,218,97,=1002,2024-08-09 08:17:00
499,30,57,0.4307086175488614,277,945,=1000,2024-08-09 08:18:00
500,37,58,0.0584248594925683,328,70,=1014,2024-08-09 08:19:00
501,34,50,0.617691457885137,52,363,=1000,2024-08-09 08:20:00
502,31,45,0.5625224748090746,115,569,=1016,2024-08-09 08:21:00
503,28,66,0.3536447415036467,157,801,=1001,2024-08-09 08:22:00
504,29,49,0.6769886306814192,127,762,=1019,2024-08-09 08:23:00
505,31,35,0.2924326854925698,361,275,=1005,2024-08-09 08:24:00
506,36,48,0.6888772233255485,106,49,=1007,2024-08-09 08:25:00
507,25,34,0.4675439991625389,245,357,=1015,2024-08-09 08:26:00
508,26,32,0.444269891277759,325,727,=1018,2024-08-09 08:27:00
509,33,30,0.1161684267070495,195,905,=1000,2024-08-09 08:28:00
510,32,67,0.6173494308132508,221,927,=1002,2024-08-09 08:29:00
511,27,44,0.29924278154443057,55,563,=1002,2024-08-09 08:30:00
512,29,63,0.11356338404773554,296,782,=1004,2024-08-09 08:31:00
513,28,64,0.008825263983031328,85,484,=1011,2024-08-09 08:32:00
514,37,54,0.39182897854686777,387,83,=1011,2024-08-09 08:33:00
515,21,53,0.3691797354858734,92,898,=1019,2024-08-09 08:34:00
516,24,41,0.5035475356584109,198,804,=1012,2024-08-09 08:35:00
517,24,47,0.6231806371124614,108,637,=1019,2024-08-09 08:36:00
518,25,44,0.05558460925012066,275,807,=1008,2024-08-09 08:37:00
519,38,45,0.5120475432382536,100,583,=1006,2024-08-09 08:38:00
520,27,56,0.13118836086830754,383,295,=1003,2024-08-09 08:39:00
521,35,37,0.6007239372100147,202,235,=1018,2024-08-09 08:40:00
522,32,54,0.5733444597031593,5,55,=1018,2024-08-09 08:41:00
523,20,46,0.37855562848988106,382,918,=1005,2024-08-09 08:42:00
524,39,58,0.49716995903631805,171,359,=1012,2024-08-09 08:43:00
525,36,37,0.22004507922862385,130,906,=1010,2024-08-09 08:44:00
526,26,44,0.3298175292529702,317,109,=1012,2024-08-09 08:45:00
527,32,56,0.5751458283973301,85,191,=1012,2024-08-09 08:46:00
528,23,36,0.3214856380212497,255,903,=1019,2024-08-09 08:47:00
529,23,32,0.2504587857278092,173,92,=1014,2024-08-09 08:48:00
530,25,58,0.3459487130752099,77,861,=1012,2024-08-09 08:49:00
531,38,53,0.5797744767060529,145,567,=1010,2024-08-09 08:50:00
532,31,32,0.2346456331596109,74,59,=1018,2024-08-09 08:51:00
533,26,49,0.12163311519502065,266,649,=1007,2024-08-09 08:52:00
534,29,44,0.4984098142315465,344,38,=1019,2024-08-09 08:53:00
535,38,54,0.5781847488956572,312,539,=1007,2024-08-09 08:54:00
536,26,59,0.07044623496647333,249,48,=1009,2024-08-09 08:55:00
537,22,43,0.1679118789291613,7,419,=1015,2024-08-09 08:56:00
538,32,36,0.09938039283269573,341,636,=1018,2024-08-09 08:57:00
539,32,46,0.2435589881075166,67,12,=1010,2024-08-09 08:58:00
540,37,49,0.3152456852337888,53,991,=1012,2024-08-09 08:59:00
541,39,65,0.5241784358743145,80,35,=1008,2024-08-09 09:00:00
542,27,38,0.45580330941717184,372,100,=1019,2024-08-09 09:01:00
543,28,67,0.4346499972349018,179,793,=1018,2024-08-09 09:02:00
544,26,51,0.24666246262675806,113,85,=1015,2024-08-09 09:03:00
545,20,31,0.5890132871593319,187,515,=1006,2024-08-09 09:04:00
546,22,53,0.3299010171787152,196,222,=1018,2024-08-09 09:05:00
547,32,37,0.6853734566106081,69,337,=1011,2024-08-09 09:06:00
548,36,40,0.44389949680701574,341,959,=1014,2024-08-09 09:07:00
549,20,42,0.0883853190951519,275,165,=1013,2024-08-09 09:08:00
550,25,46,0.47332429345280375,104,382,=1010,2024-08-09 09:09:00
551,25,37,0.22757281080218927,36,855,=1009,2024-08-09 09:10:00
552,31,50,0.4804290376802682,356,894,=1010,2024-08-09 09:11:00
553,32,47,0.048748803713684015,132,375,=1005,2024-08-09 09:12:00
554,32,59,0.12241700602317156,373,470,=1001,2024-08-09 09:13:00
555,34,47,0.5990160812340504,343,789,=1010,2024-08-09 09:14:00
556,35,60,0.1590256899164604,47,641,=1018,2024-08-09 09:15:00
557,30,67,0.585928787670058,376,30,=1005,2024-08-09 09:16:00
558,24,61,0.1954932619180873,82,374,=1013,2024-08-09 09:17:00
559,23,40,0.4500173370410953,318,10,=1019,2024-08-09 09:18:00
560,22,54,0.48590540145688166,293,987,=1005,2024-08-09 09:19:00
561,38,62,0.35885832720153704,274,301,=1016,2024-08-09 09:20:00
562,39,67,0.21371747368771188,166,95,=1009,2024-08-09 09:21:00
563,37,37,0.14885106345976729,193,189,=1000,2024-08-09 09:22:00
564,34,40,0.023232548193698355,251,452,=1002,2024-08-09 09:23:00
565,28,51,0.21276248086850666,392,191,=1007,2024-08-09 09:24:00
566,36,53,0.4572139533718981,220,485,=1007,2024-08-09 09:25:00
567,33,46,0.6568133729139378,319,265,=1019,2024-08-09 09:26:00
568,34,41,0.6098431375841363,343,423,=1014,2024-08-09 09:27:00
569,20,61,0.5362453435747118,394,127,=1006,2024-08-09 09:28:00
570,22,44,0.5519131402773091,381,237,=1010,2024-08-09 09:29:00
571,35,45,0.4654894324331966,172,919,=1006,2024-08-09 09:30:00
572,30,51,0.1822008002962021,343,354,=1003,2024-08-09 09:31:00
573,31,57,0.6350365214940809,197,939,=1011,2024-08-09 09:32:00
574,29,49,0.4695126183340838,287,111,=1005,2024-08-09 09:33:00
575,35,62,0.39230844168630796,340,827,=1013,2024-08-09 09:34:00
576,27,39,0.07769262844943675,394,445,=1011,2024-08-09 09:35:00
577,25,69,0.31293888066449776,17,342,=1010,2024-08-09 09:36:00
578,31,61,0.32225078984134836,244,144,=1018,2024-08-09 09:37:00
579,27,62,0.6051945266658689,324,64,=1004,2024-08-09 09:38:00
580,23,31,0.3826537541314519,151,246,=1013,2024-08-09 09:39:00
581,27,62,0.26628038427928674,208,734,=1015,2024-08-09 09:40:00
582,37,62,0.6837602299574616,84,990,=1012,2024-08-09 09:41:00
583,24,42,0.07750441532842096,383,489,=1019,2024-08-09 09:42:00
584,28,59,0.29578389981836123,47,824,=1003,2024-08-09 09:43:00
585,23,62,0.0294172726199837,93,438,=1010,2024-08-09 09:44:00
586,36,42,0.5179328845368513,152,105,=1016,2024-08-09 09:45:00
587,28,55,0.6426535865394054,99,180,=1006,2024-08-09 09:46:00
588,20,51,0.19602613068534258,155,183,=1013,2024-08-09 09:47:00
589,39,68,0.6008391737593846,6,225,=1010,2024-08-09 09:48:00
590,32,31,0.20455276132332842,380,776,=1008,2024-08-09 09:49:00
591,35,67,0.6375391131507406,26,789,=1012,2024-08-09 09:50:00
592,32,68,0.5277733325177487,375,908,=1017,2024-08-09 09:51:00
593,33,55,0.563434743789007,317,88,=1010,2024-08-09 09:52:00
594,22,44,0.012604588920318148,332,687,=1014,2024-08-09 09:53:00
595,25,63,0.6739672499518181,11,529,=1018,2024-08-09 09:54:00
596,37,69,0.5086696944492263,210,370,=1000,2024-08-09 09:55:00
597,38,40,0.2133257667702933,379,971,=1003,2024-08-09 09:56:00
598,24,32,0.5805762654011928,118,935,=1013,2024-08-09 09:57:00
599,34,35,0.19706483889045096,276,912,=1013,2024-08-09 09:58:00
600,21,38,0.6109276876962896,87,398,=1002,2024-08-09 09:59:00
601,29,35,0.0788062732883559,183,105,=1016,2024-08-09 10:00:00
602,37,38,0.492580184222557,214,270,=1002,2024-08-09 10:01:00
603,32,68,0.3784889336514372,332,974,=1015,2024-08-09 10:02:00
604,24,60,0.06757412913680856,128,830,=1013,2024-08-09 10:03:00
605,20,61,0.1693256797811873,117,502,=1019,2024-08-09 10:04:00
606,20,41,0.008682825394120353,16,678,=1012,2024-08-09 10:05:00
607,37,37,0.32813757582515407,130,524,=1014,2024-08-09 10:06:00
608,34,37,0.21088568253200024,57,848,=1013,2024-08-09 10:07:00
609,36,57,0.41885023900843116,335,31,=1018,2024-08-09 10:08:00
610,30,49,0.20806646539603202,393,392,=1005,2024-08-09 10:09:00
611,36,36,0.20994337805488927,287,39,=1009,2024-08-09 10:10:00
612,32,40,0.5202352391121223,144,659,=1014,2024-08-09 10:11:00
613,20,49,0.03369998518484741,394,217,=1019,2024-08-09 10:12:00
614,21,45,0.632026496634391,101,730,=1005,2024-08-09 10:13:00
615,28,33,0.596584712073827,9,980,=1009,2024-08-09 10:14:00
616,22,35,0.46746327825848455,61,81,=1006,2024-08-09 10:15:00
617,20,51,0.415255099075169,338,844,=1016,2024-08-09 10:16:00
618,35,55,0.6246117486977565,73,719,=1017,2024-08-09 10:17:00
619,25,32,0.12973112567010012,122,200,=1016,2024-08-09 10:18:00
620,36,43,0.055278413533580026,380,446,=1008,2024-08-09 10:19:00
621,24,40,0.16765711893667667,63,843,=1009,2024-08-09 10:20:00
622,24,47,0.5562047950901331,37,427,=1009,2024-08-09 10:21:00
623,25,41,0.024269186708538323,322,37,=1006,2024-08-09 10:22:00
624,22,52,0.4079647845584427,54,210,=1015,2024-08-09 10:23:00
625,24,41,0.6968062613339169,372,443,=1017,2024-08-09 10:24:00
626,24,42,0.5989872656862776,23,326,=1005,2024-08-09 10:25:00
627,29,54,0.3650119823305126,218,760,=1019,2024-08-09 10:26:00
628,29,48,0.044548636500649635,201,226,=1000,2024-08-09 10:27:00
629,38,65,0.5819614600699968,383,47,=1000,2024-08-09 10:28:00
630,36,37,0.41928495572404734,51,17,=1011,2024-08-09 10:29:00
631,33,58,0.08045309794169678,171,911,=1001,2024-08-09 10:30:00
632,28,61,0.06570009937634934,293,438,=1003,2024-08-09 10:31:00
633,33,47,0.6367387736056146,145,806,=1016,2024-08-09 10:32:00
634,20,35,0.4684401840566549,88,707,=1003,2024-08-09 10:33:00
635,38,47,0.5805007595217289,186,186,=1010,2024-08-09 10:34:00
636,32,48,0.6152852301975871,395,344,=1003,2024-08-09 10:35:00
637,32,51,0.4002406464338255,83,223,=1000,2024-08-09 10:36:00
638,23,66,0.3622124462285289,219,829,=1006,2024-08-09 10:37:00
639,20,61,0.3012991872246931,18,487,=1017,2024-08-09 10:38:00
640,36,32,0.22186261145378347,219,908,=1008,2024-08-09 10:39:00
641,27,57,0.3042171726010982,132,876,=1002,2024-08-09 10:40:00
642,21,39,0.5417157590111095,314,848,=1007,2024-08-09 10:41:00
643,27,64,0.42134640171059207,252,228,=1018,2024-08-09 10:42:00
644,26,58,0.6247663029683922,33,389,=1003,2024-08-09 10:43:00
645,21,44,0.3103660100654314,284,978,=1017,2024-08-09 10:44:00
646,22,62,0.4249627051031278,342,588,=1019,2024-08-09 10:45:00
647,37,36,0.44191528716439205,323,187,=1010,2024-08-09 10:46:00
648,31,41,0.41418801361442786,206,857,=1013,2024-08-09 10:47:00
649,20,59,0.4918436411598614,365,269,=1017,2024-08-09 10:48:00
650,31,50,0.1662034278623644,61,606,=1015,2024-08-09 10:49:00
651,24,60,0.35865464428205346,396,309,=1002,2024-08-09 10:50:00
652,36,53,0.07295736196584336,222,131,=1014,2024-08-09 10:51:00
653,35,49,0.2691579293513688,66,550,=1003,2024-08-09 10:52:00
654,34,66,0.34136694803488504,161,71,=1004,2024-08-09 10:53:00
655,34,33,0.4565569816818307,206,792,=1016,2024-08-09 10:54:00
656,24,57,0.6653717368103425,21,844,=1006,2024-08-09 10:55:00
657,33,49,0.4204557465838491,326,671,=1015,2024-08-09 10:56:00
658,21,53,0.5205157413235918,10,186,=1013,2024-08-09 10:57:00
659,30,61,0.3543862416466419,62,485,=1015,2024-08-09 10:58:00
660,38,65,0.44387282196343186,329,190,=1006,2024-08-09 10:59:00
661,26,63,0.0496525512936414,322,421,=1008,2024-08-09 11:00:00
662,25,65,0.17807410658929287,173,119,=1003,2024-08-09 11:01:00
663,21,31,0.2532971652435971,86,219,=1010,2024-08-09 11:02:00
664,25,44,0.3307453485045595,223,52,=1001,2024-08-09 11:03:00
665,37,63,0.03195412185166861,181,733,=1011,2024-08-09 11:04:00
666,21,65,0.09801686828732237,208,450,=1011,2024-08-09 11:05:00
667,37,35,0.19377001545391404,75,411,=1003,2024-08-09 11:06:00
668,34,68,0.6800728836307354,391,642,=1017,2024-08-09 11:07:00
669,38,41,0.23194290497213552,270,236,=1006,2024-08-09 11:08:00
670,21,32,0.33742874067845774,102,757,=1000,2024-08-09 11:09:00
671,39,47,0.13726839891687503,349,737,=1012,2024-08-09 11:10:00
672,25,69,0.4275460497530378,295,719,=1005,2024-08-09 11:11:00
673,20,50,0.196478250861182,212,405,=1005,2024-08-09 11:12:00
674,34,44,0.14489480490689874,6,607,=1011,2024-08-09 11:13:00
675,29,62,0.36160083991218533,128,421,=1007,2024-08-09 11:14:00
676,38,64,0.0038540594122945747,284,711,=1018,2024-08-09 11:15:00
677,36,55,0.0053648228544577285,78,246,=1004,2024-08-09 11:16:00
678,24,37,0.15334816637130044,170,71,=1017,2024-08-09 11:17:00
679,23,65,0.0257049537505748,26,829,=1004,2024-08-09 11:18:00
680,29,59,0.07561802789148396,158,184,=1009,2024-08-09 11:19:00
681,36,52,0.2372024545371261,299,5,=1000,2024-08-09 11:20:00
682,29,43,0.561809975705869,223,205,=1009,2024-08-09 11:21:00
683,36,43,0.40043405035851054,161,543,=1004,2024-08-09 11:22:00
684,39,31,0.3588674081694915,234,610,=1011,2024-08-09 11:23:00
685,24,66,0.20544217624568514,24,905,=1006,2024-08-09 11:24:00
686,21,34,0.6522276036029714,45,386,=1008,2024-08-09 11:25:00
687,25,67,0.2779105288660341,152,767,=1011,2024-08-09 11:26:00
688,21,43,0.06096493675704004,112,698,=1000,2024-08-09 11:27:00
689,32,68,0.4319465612824609,88,75,=1010,2024-08-09 11:28:00
690,30,54,0.07968687543362098,371,176,=1014,2024-08-09 11:29:00
691,30,49,0.24165619996118445,326,826,=1001,2024-08-09 11:30:00
692,35,31,0.3551883571024662,313,798,=1019,2024-08-09 11:31:00
693,30,68,0.611955767279623,294,348,=1006,2024-08-09 11:32:00
694,38,35,0.345482606238083,327,254,=1011,2024-08-09 11:33:00
695,34,46,0.4915811362221649,138,836,=1017,2024-08-09 11:34:00
696,35,54,0.6949717872993492,211,701,=1002,2024-08-09 11:35:00
697,30,57,0.09204238392858713,287,307,=1006,2024-08-09 11:36:00
698,35,31,0.19231206786366364,270,344,=1010,2024-08-09 11:37:00
699,27,64,0.27620325291835246,77,126,=1017,2024-08-09 11:38:00
700,23,66,0.2952797249771819,356,936,=1011,2024-08-09 11:39:00
701,27,34,0.28771475268588204,52,286,=1005,2024-08-09 11:40:00
702,23,30,0.6353277017895884,330,765,=1004,2024-08-09 11:41:00
703,22,69,0.4998228511267995,237,724,=1000,2024-08-09 11:42:00
704,22,41,0.4255336498634926,104,761,=1011,2024-08-09 11:43:00
705,37,65,0.21656090250394744,63,595,=1010,2024-08-09 11:44:00
706,38,52,0.5766532689549062,262,486,=1003,2024-08-09 11:45:00
707,38,60,0.6685423580394922,69,382,=1017,2024-08-09 11:46:00
708,24,40,0.5748387977851586,87,405,=1003,2024-08-09 11:47:00
709,37,39,0.0010955736340310328,158,387,=1016,2024-08-09 11:48:00
710,29,32,0.44548095912838487,270,524,=1001,2024-08-09 11:49:00
711,25,43,0.035794767009470506,313,556,=1001,2024-08-09 11:50:00
712,20,45,0.1803250542336053,83,638,=1011,2024-08-09 11:51:00
713,24,39,0.04166729024344018,319,937,=1005,2024-08-09 11:52:00
714,28,58,0.4226568170645714,154,625,=1009,2024-08-09 11:53:00
715,31,39,0.4806129394448247,52,944,=1015,2024-08-09 11:54:00
716,33,41,0.08014134664613358,383,275,=1013,2024-08-09 11:55:00
717,21,59,0.2686872181314856,252,499,=1006,2024-08-09 11:56:00
718,36,30,0.3193655562688794,282,716,=1018,2024-08-09 11:57:00
719,33,34,0.2583371152326416,360,336,=1016,2024-08-09 11:58:00
720,32,49,0.08471750033963513,102,949,=1008,2024-08-09 11:59:00
721,28,37,0.29326345313123275,29,931,=1012,2024-08-09 12:00:00
722,34,41,0.5258246334658927,288,480,=1004,2024-08-09 12:01:00
723,34,30,0.04970536517327882,373,896,=1004,2024-08-09 12:02:00
724,30,49,0.05612600985733241,305,910,=1009,2024-08-09 12:03:00
725,35,57,0.24833990428518893,72,972,=1009,2024-08-09 12:04:00
726,36,66,0.6592079981332475,11,272,=1006,2024-08-09 12:05:00
727,23,66,0.4680008527060398,309,919,=1014,2024-08-09 12:06:00
728,20,41,0.4750689696707953,141,57,=1006,2024-08-09 12:07:00
729,27,66,0.25334399358650544,168,327,=1014,2024-08-09 12:08:00
730,36,57,0.4155625538459769,87,730,=1002,2024-08-09 12:09:00
731,22,44,0.007091828819420365,389,108,=1018,2024-08-09 12:10:00
732,39,35,0.4452672324866795,142,278,=1009,2024-08-09 12:11:00
733,34,49,0.6393008633033657,77,685,=1014,2024-08-09 12:12:00
734,34,43,0.42880142784137343,241,327,=1002,2024-08-09 12:13:00
735,33,31,0.6115890154264415,50,775,=1005,2024-08-09 12:14:00
736,33,38,0.5067811388262656,110,314,=1011,2024-08-09 12:15:00
737,21,66,0.08439089148258316,292,473,=1014,2024-08-09 12:16:00
738,32,49,0.6317173151000892,266,110,=1005,2024-08-09 12:17:00
739,33,55,0.046510691049042416,180,698,=1012,2024-08-09 12:18:00
740,38,58,0.3737772307834346,170,780,=1018,2024-08-09 12:19:00
741,26,30,0.09949598665542037,149,934,=1002,2024-08-09 12:20:00
742,22,64,0.008194627511632845,334,228,=1007,2024-08-09 12:21:00
743,34,35,0.2954239820893473,374,496,=1007,2024-08-09 12:22:00
744,33,66,0.20652849535790935,287,155,=1019,2024-08-09 12:23:00
745,30,34,0.3402003456583221,58,472,=1014,2024-08-09 12:24:00
746,34,62,0.40403992071418554,182,700,=1003,2024-08-09 12:25:00
747,32,43,0.03061735061626315,248,271,=1018,2024-08-09 12:26:00
748,37,41,0.08610230658662194,345,886,=1002,2024-08-09 12:27:00
749,25,49,0.39104967751529773,131,1,=1012,2024-08-09 12:28:00
750,22,53,0.24021714722086074,371,757,=1007,2024-08-09 12:29:00
751,38,63,0.5104214412846135,275,721,=1015,2024-08-09 12:30:00
752,34,54,0.4566041540143577,136,510,=1012,2024-08-09 12:31:00
753,24,58,0.5919230540929348,97,912,=1002,2024-08-09 12:32:00
754,29,68,0.48474497866845767,383,285,=1015,2024-08-09 12:33:00
755,26,60,0.30095175417310366,77,870,=1008,2024-08-09 12:34:00
756,36,52,0.47107663567610264,252,12,=1013,2024-08-09 12:35:00
757,26,67,0.19276682197879297,352,607,=1012,2024-08-09 12:36:00
758,31,49,0.21441944914474886,277,497,=1006,2024-08-09 12:37:00
759,36,52,0.5522896119445553,47,732,=1014,2024-08-09 12:38:00
760,32,45,0.3124936614811075,381,237,=1006,2024-08-09 12:39:00
761,39,37,0.5588662383628467,45,93,=1005,2024-08-09 12:40:00
762,23,50,0.5756956615677948,174,337,=1001,2024-08-09 12:41:00
763,29,30,0.6002936363628986,216,780,=1008,2024-08-09 12:42:00
764,22,37,0.6416446650888451,172,170,=1016,2024-08-09 12:43:00
765,28,58,0.30168965435930734,43,980,=1004,2024-08-09 12:44:00
766,32,61,0.22320677282479717,373,605,=1011,2024-08-09 12:45:00
767,37,67,0.40753912261587966,249,660,=1000,2024-08-09 12:46:00
768,34,34,0.2598206964063393,155,623,=1009,2024-08-09 12:47:00
769,23,51,0.42075191676016305,115,566,=1010,2024-08-09 12:48:00
770,34,63,0.4939101038506772,51,848,=1015,2024-08-09 12:49:00
771,21,30,0.4818835129444958,67,935,=1013,2024-08-09 12:50:00
772,34,55,0.2621870209140849,229,466,=1007,2024-08-09 12:51:00
773,27,39,0.11680214118912696,370,627,=1016,2024-08-09 12:52:00
774,27,59,0.30137053692354526,73,142,=1017,2024-08-09 12:53:00
775,36,47,0.0998159008573361,303,200,=1011,2024-08-09 12:54:00
776,31,46,0.6230679246286658,294,179,=1016,2024-08-09 12:55:00
777,38,55,0.24211422251650017,300,713,=1013,2024-08-09 12:56:00
778,29,37,0.10812182305632664,207,363,=1015,2024-08-09 12:57:00
779,28,69,0.01781343193402561,65,478,=1013,2024-08-09 12:58:00
780,24,41,0.4520756704005389,322,564,=1008,2024-08-09 12:59:00
781,25,56,0.44583162221832023,318,470,=1003,2024-08-09 13:00:00
782,39,37,0.23842291660690415,165,383,=1010,2024-08-09 13:01:00
783,21,54,0.0501983221933557,335,691,=1005,2024-08-09 13:02:00
784,32,33,0.2867402264266624,20,925,=1014,2024-08-09 13:03:00
785,25,62,0.2178522465443755,342,416,=1004,2024-08-09 13:04:00
786,24,30,0.4739844478145065,98,824,=1010,2024-08-09 13:05:00
787,20,48,0.42404547461688324,308,307,=1017,2024-08-09 13:06:00
788,25,60,0.255215609738278,142,648,=1012,2024-08-09 13:07:00
789,25,45,0.15252478797849306,342,693,=1010,2024-08-09 13:08:00
790,35,43,0.6916251763089143,42,366,=1013,2024-08-09 13:09:00
791,23,34,0.3178011348372804,131,0,=1017,2024-08-09 13:10:00
792,30,55,0.4817919650461659,279,43,=1018,2024-08-09 13:11:00
793,28,57,0.09838707730485254,168,738,=1014,2024-08-09 13:12:00
794,22,31,0.33991278976157846,323,842,=1008,2024-08-09 13:13:00
795,38,35,0.01927570390862584,81,97,=1007,2024-08-09 13:14:00
796,27,38,0.35381858253731496,178,719,=1019,2024-08-09 13:15:00
797,24,62,0.6748121849823916,391,264,=1000,2024-08-09 13:16:00
798,23,54,0.26894469909006014,362,799,=1003,2024-08-09 13:17:00
799,25,42,0.02729720880243811,325,782,=1013,2024-08-09 13:18:00
800,21,38,0.021669053643540468,380,139,=1001,2024-08-09 13:19:00
801,39,42,0.27159073196280864,95,480,=1015,2024-08-09 13:20:00
802,30,60,0.11201745552423582,242,236,=1002,2024-08-09 13:21:00
803,23,40,0.016346467429730137,268,973,=1007,2024-08-09 13:22:00
804,34,33,0.5293495297651237,183,952,=1005,2024-08-09 13:23:00
805,25,63,0.32096610621732347,213,903,=1015,2024-08-09 13:24:00
806,36,67,0.20247134038085815,77,71,=1015,2024-08-09 13:25:00
807,25,33,0.6300582281115364,394,666,=1006,2024-08-09 13:26:00
808,38,67,0.08129727214036792,111,189,=1012,2024-08-09 13:27:00
809,21,48,0.6691431802687234,349,267,=1012,2024-08-09 13:28:00
810,34,35,0.21977670216414696,299,320,=1004,2024-08-09 13:29:00
811,30,63,0.6218825706160768,373,106,=1019,2024-08-09 13:30:00
812,27,47,0.42206001353562306,288,231,=1017,2024-08-09 13:31:00
813,38,42,0.5786951518190412,357,41,=1014,2024-08-09 13:32:00
814,32,52,0.688809214247325,186,701,=1017,2024-08-09 13:33:00
815,31,48,0.20188380647312199,41,882,=1001,2024-08-09 13:34:00
816,24,40,0.6727948397853151,141,138,=1009,2024-08-09 13:35:00
817,25,30,0.27263732643169425,342,614,=1012,2024-08-09 13:36:00
818,23,53,0.2698583333158456,60,682,=1017,2024-08-09 13:37:00
819,38,36,0.23827097297815397,191,862,=1014,2024-08-09 13:38:00
820,39,54,0.3789853251433096,345,272,=1011,2024-08-09 13:39:00
821,20,50,0.10790153022494096,262,480,=1014,2024-08-09 13:40:00
822,39,44,0.3875980397506078,62,415,=1012,2024-08-09 13:41:00
823,36,30,0.37919336868700276,367,505,=1017,2024-08-09 13:42:00
824,31,41,0.533331268823409,127,732,=1014,2024-08-09 13:43:00
825,34,36,0.5835549733563099,192,724,=1010,2024-08-09 13:44:00
826,20,44,0.3083089452186968,234,852,=1018,2024-08-09 13:45:00
827,33,50,0.2116332745460456,172,423,=1002,2024-08-09 13:46:00
828,25,48,0.18153442812196613,118,406,=1006,2024-08-09 13:47:00
829,24,58,0.13623668569341035,256,567,=1013,2024-08-09 13:48:00
830,30,54,0.040353307539317415,111,389,=1013,2024-08-09 13:49:00
831,23,62,0.23971358518429933,41,341,=1012,2024-08-09 13:50:00
832,32,61,0.18917338449154827,339,945,=1011,2024-08-09 13:51:00
833,30,64,0.6764921701064851,96,613,=1008,2024-08-09 13:52:00
834,22,67,0.3903961783750307,22,932,=1000,2024-08-09 13:53:00
835,20,55,0.24309392732135526,358,492,=1018,2024-08-09 13:54:00
836,25,40,0.4063273206955872,67,191,=1010,2024-08-09 13:55:00
837,37,64,0.09743769094198684,154,498,=1018,2024-08-09 13:56:00
838,29,37,0.310830624441542,143,821,=1017,2024-08-09 13:57:00
839,24,43,0.43836402499474464,190,711,=1011,2024-08-09 13:58:00
840,29,39,0.34222848225471597,189,232,=1000,2024-08-09 13:59:00
841,31,31,0.28124516045802694,209,944,=1018,2024-08-09 14:00:00
842,21,38,0.6956938722297887,264,226,=1019,2024-08-09 14:01:00
843,32,32,0.6162203335042489,218,370,=1016,2024-08-09 14:02:00
844,27,50,0.43638417071160807,260,138,=1004,2024-08-09 14:03:00
845,21,55,0.39856415282759794,139,855,=1002,2024-08-09 14:04:00
846,39,37,0.43446233587720884,65,816,=1001,2024-08-09 14:05:00
847,20,31,0.14091847547570327,367,148,=1002,2024-08-09 14:06:00
848,24,35,0.276596420285023,314,114,=1007,2024-08-09 14:07:00
849,28,57,0.02762167302362952,92,449,=1015,2024-08-09 14:08:00
850,36,58,0.3328822262407786,328,62,=1005,2024-08-09 14:09:00
851,28,55,0.3801172087703642,211,103,=1012,2024-08-09 14:10:00
852,30,54,0.1594248152722467,133,850,=1015,2024-08-09 14:11:00
853,34,41,0.6748201930158596,315,870,=1015,2024-08-09 14:12:00
854,25,34,0.6366182276560693,7,667,=1002,2024-08-09 14:13:00
855,22,63,0.5055002648191341,246,272,=1012,2024-08-09 14:14:00
856,36,66,0.3733706401357538,125,5,=1013,2024-08-09 14:15:00
857,24,44,0.6089784117533794,389,146,=1007,2024-08-09 14:16:00
858,31,65,0.09145664067642403,106,183,=1011,2024-08-09 14:17:00
859,37,44,0.5533568559924195,42,997,=1007,2024-08-09 14:18:00
860,33,52,0.08737456977679381,345,27,=1008,2024-08-09 14:19:00
861,30,35,0.5559474637845837,137,961,=1000,2024-08-09 14:20:00
862,28,50,0.19303729777594986,206,549,=1005,2024-08-09 14:21:00
863,21,52,0.6139634067127322,352,118,=1018,2024-08-09 14:22:00
864,31,45,0.6608294656777784,25,292,=1010,2024-08-09 14:23:00
865,22,44,0.10415717858358094,246,370,=1010,2024-08-09 14:24:00
866,22,54,0.32387292354577546,113,243,=1012,2024-08-09 14:25:00
867,20,65,0.6866911647138796,307,579,=1010,2024-08-09 14:26:00
868,27,40,0.33838520518120263,88,725,=1017,2024-08-09 14:27:00
869,27,44,0.6044832657601815,87,217,=1014,2024-08-09 14:28:00
870,30,33,0.41211206549192386,295,176,=1000,2024-08-09 14:29:00
871,28,50,0.2627309355437213,73,298,=1006,2024-08-09 14:30:00
872,24,42,0.20004848886810914,133,675,=1012,2024-08-09 14:31:00
873,33,51,0.14225616376026107,200,57,=1011,2024-08-09 14:32:00
874,22,48,0.533258733964388,144,268,=1017,2024-08-09 14:33:00
875,24,63,0.27057835477611947,287,307,=1018,2024-08-09 14:34:00
876,24,43,0.35789282354052576,316,569,=1014,2024-08-09 14:35:00
877,38,33,0.3446278360008273,238,287,=1007,2024-08-09 14:36:00
878,33,56,0.40409532046319185,27,976,=1018,2024-08-09 14:37:00
879,23,58,0.6059040019371865,157,104,=1009,2024-08-09 14:38:00
880,32,57,0.6865175405084005,281,227,=1006,2024-08-09 14:39:00
881,29,64,0.28530894600167184,65,246,=1017,2024-08-09 14:40:00
882,37,37,0.5792632454744121,323,699,=1015,2024-08-09 14:41:00
883,27,45,0.5351694562583024,382,493,=1019,2024-08-09 14:42:00
884,27,65,0.40147026601890123,56,82,=1005,2024-08-09 14:43:00
885,26,59,0.6692330005283531,348,185,=1008,2024-08-09 14:44:00
886,27,47,0.14033216086988193,157,251,=1012,2024-08-09 14:45:00
887,33,31,0.07648494721673499,241,354,=1007,2024-08-09 14:46:00
888,38,42,0.5977733768687955,315,749,=1015,2024-08-09 14:47:00
889,25,33,0.3074048716436238,306,871,=1012,2024-08-09 14:48:00
890,20,55,0.5928781979449423,36,695,=1012,2024-08-09 14:49:00
891,34,54,0.6251631436367904,59,795,=1016,2024-08-09 14:50:00
892,20,59,0.043720315533350006,356,896,=1019,2024-08-09 14:51:00
893,36,40,0.6184253340902425,393,937,=1004,2024-08-09 14:52:00
894,20,36,0.3138233387585955,40,209,=1016,2024-08-09 14:53:00
895,34,60,0.35730274230296255,114,815,=1008,2024-08-09 14:54:00
896,21,39,0.4386147577652471,181,807,=1001,2024-08-09 14:55:00
897,33,68,0.6484678247110607,366,608,=1017,2024-08-09 14:56:00
898,27,42,0.01338126610083482,318,446,=1008,2024-08-09 14:57:00
899,27,60,0.3337904278224719,299,459,=1005,2024-08-09 14:58:00
900,38,36,0.48140542970139244,340,967,=1010,2024-08-09 14:59:00
901,26,65,0.5058948703887599,101,471,=1005,2024-08-09 15:00:00
902,38,49,0.48477270207597556,373,719,=1005,2024-08-09 15:01:00
903,25,33,0.0941045905856853,217,369,=1012,2024-08-09 15:02:00
904,25,36,0.20957691186017685,321,899,=1010,2024-08-09 15:03:00
905,22,30,0.25110086779190943,141,933,=1013,2024-08-09 15:04:00
906,26,42,0.5631060453756535,10,491,=1001,2024-08-09 15:05:00
907,38,51,0.1951319106901871,113,922,=1007,2024-08-09 15:06:00
908,27,50,0.14749347470704222,39,136,=1002,2024-08-09 15:07:00
909,29,51,0.6702136133266673,43,366,=1002,2024-08-09 15:08:00
910,39,57,0.006204299579428229,154,911,=1000,2024-08-09 15:09:00
911,34,38,0.6984745989773847,122,183,=1018,2024-08-09 15:10:00
912,34,55,0.4737749092001769,265,587,=1017,2024-08-09 15:11:00
913,20,38,0.5799285096143819,91,286,=1016,2024-08-09 15:12:00
914,39,44,0.2062335774423352,80,471,=1019,2024-08-09 15:13:00
915,26,39,0.010020694366941984,317,374,=1012,2024-08-09 15:14:00
916,23,53,0.516508662993071,387,653,=1002,2024-08-09 15:15:00
917,25,37,0.583901217900473,218,748,=1000,2024-08-09 15:16:00
918,20,53,0.5183332923674634,289,536,=1003,2024-08-09 15:17:00
919,24,45,0.09999520111058702,243,510,=1012,2024-08-09 15:18:00
920,20,55,0.5273995455798783,169,801,=1016,2024-08-09 15:19:00
921,23,56,0.5382459474753486,91,578,=1010,2024-08-09 15:20:00
922,21,66,0.4609783609690384,145,249,=1001,2024-08-09 15:21:00
923,29,33,0.5362811529569103,164,919,=1015,2024-08-09 15:22:00
924,24,53,0.5921450077744125,50,509,=1001,2024-08-09 15:23:00
925,29,48,0.42952287996622085,376,629,=1018,2024-08-09 15:24:00
926,20,65,0.06202329977877534,116,72,=1018,2024-08-09 15:25:00
927,25,68,0.3413394667670476,49,281,=1015,2024-08-09 15:26:00
928,32,39,0.054354534270123545,251,915,=1018,2024-08-09 15:27:00
929,34,54,0.28528012172270156,108,959,=1008,2024-08-09 15:28:00
930,23,47,0.28497454238793934,89,359,=1000,2024-08-09 15:29:00
931,32,48,0.0462068908981691,138,9,=1009,2024-08-09 15:30:00
932,39,65,0.24417437377863552,112,210,=1018,2024-08-09 15:31:00
933,34,39,0.07769866915392037,22,834,=1000,2024-08-09 15:32:00
934,27,62,0.5657646470064555,98,151,=1001,2024-08-09 15:33:00
935,24,34,0.6633816181751295,154,4,=1015,2024-08-09 15:34:00
936,34,64,0.050621532680557024,250,194,=1011,2024-08-09 15:35:00
937,23,63,0.6685806451041909,293,953,=1007,2024-08-09 15:36:00
938,31,62,0.3658036195357216,213,282,=1017,2024-08-09 15:37:00
939,32,50,0.20969597456771172,130,463,=1001,2024-08-09 15:38:00
940,21,46,0.053803452693314456,239,112,=1012,2024-08-09 15:39:00
941,38,51,0.35043698764929243,126,270,=1005,2024-08-09 15:40:00
942,38,66,0.556160881143524,142,162,=1005,2024-08-09 15:41:00
943,23,44,0.49496053408668866,119,459,=1008,2024-08-09 15:42:00
944,23,64,0.03515820802478163,166,104,=1015,2024-08-09 15:43:00
945,30,57,0.05103128475753246,205,692,=1010,2024-08-09 15:44:00
946,24,36,0.28201129784284595,238,555,=1006,2024-08-09 15:45:00
947,39,61,0.2067033458335603,32,281,=1009,2024-08-09 15:46:00
948,30,40,0.16266902613923348,15,686,=1009,2024-08-09 15:47:00
949,29,39,0.1967031492360995,210,161,=1019,2024-08-09 15:48:00
950,27,38,0.5624379203078193,171,982,=1017,2024-08-09 15:49:00
951,25,43,0.6504596375422977,251,350,=1019,2024-08-09 15:50:00
952,25,42,0.28357188616929646,51,433,=1008,2024-08-09 15:51:00
953,27,54,0.6342777014927479,250,851,=1014,2024-08-09 15:52:00
954,34,31,0.22504699087351734,131,139,=1003,2024-08-09 15:53:00
955,33,64,0.3335058904406541,151,470,=1007,2024-08-09 15:54:00
956,30,36,0.15822029847119978,122,131,=1008,2024-08-09 15:55:00
957,31,50,0.44833322952309074,386,86,=1012,2024-08-09 15:56:00
958,32,47,0.6852867806223661,156,687,=1008,2024-08-09 15:57:00
959,27,32,0.422445167230365,76,182,=1003,2024-08-09 15:58:00
960,37,68,0.2504698588794842,367,367,=1016,2024-08-09 15:59:00
961,20,40,0.4534722121933698,141,128,=1015,2024-08-09 16:00:00
962,34,68,0.08604447492577129,179,245,=1014,2024-08-09 16:01:00
963,27,53,0.622061356185779,293,600,=1002,2024-08-09 16:02:00
964,30,48,0.35215876554588543,23,577,=1019,2024-08-09 16:03:00
965,31,33,0.3145448194277494,199,669,=1004,2024-08-09 16:04:00
966,31,55,0.4101053519174634,334,898,=1004,2024-08-09 16:05:00
967,23,67,0.4373487039525817,179,377,=1019,2024-08-09 16:06:00
968,35,61,0.05024306435855912,358,148,=1014,2024-08-09 16:07:00
969,23,68,0.47783205485638164,145,984,=1017,2024-08-09 16:08:00
970,24,65,0.1693521762208707,250,851,=1014,2024-08-09 16:09:00
971,24,69,0.4997668427546128,389,432,=1001,2024-08-09 16:10:00
972,27,66,0.5757743560689377,97,627,=1012,2024-08-09 16:11:00
973,29,62,0.5627709552867641,243,725,=1003,2024-08-09 16:12:00
974,36,65,0.38675067718552236,209,468,=1009,2024-08-09 16:13:00
975,28,32,0.3641189246175258,52,445,=1012,2024-08-09 16:14:00
976,38,38,0.1000131729375882,249,480,=1009,2024-08-09 16:15:00
977,33,37,0.5427423052821949,324,883,=1008,2024-08-09 16:16:00
978,27,62,0.18998656631270006,321,293,=1007,2024-08-09 16:17:00
979,28,35,0.3476867959725626,299,764,=1002,2024-08-09 16:18:00
980,30,68,0.1989918650492617,132,142,=1015,2024-08-09 16:19:00
981,20,33,0.09367985409978519,348,249,=1013,2024-08-09 16:20:00
982,33,42,0.44069038782421555,286,877,=1008,2024-08-09 16:21:00
983,24,31,0.03803242437603268,21,947,=1010,2024-08-09 16:22:00
984,33,34,0.52405166388834,75,974,=1002,2024-08-09 16:23:00
985,23,56,0.22231075668278164,273,301,=1004,2024-08-09 16:24:00
986,20,61,9.428510313972404e-05,329,24,=1009,2024-08-09 16:25:00
987,38,50,0.35779039746606084,286,788,=1012,2024-08-09 16:26:00
988,27,37,0.03279633596932219,309,983,=1003,2024-08-09 16:27:00
989,34,67,0.19331869047462963,11,888,=1012,2024-08-09 16:28:00
990,34,37,0.4948835412190013,318,889,=1011,2024-08-09 16:29:00
991,28,32,0.043882735135306106,309,900,=1004,2024-08-09 16:30:00
992,28,32,0.5875369446492016,107,69,=1009,2024-08-09 16:31:00
993,29,51,0.0026739458610081754,313,624,=1008,2024-08-09 16:32:00
994,39,35,0.17277670844133156,197,874,=1019,2024-08-09 16:33:00
995,28,31,0.51863283930645,245,111,=1006,2024-08-09 16:34:00
996,22,52,0.22138910481051474,66,363,=1001,2024-08-09 16:35:00
997,39,31,0.07132467164620947,21,302,=1006,2024-08-09 16:36:00
998,30,67,0.2521637431602995,175,470,=1007,2024-08-09 16:37:00
999,25,46,0.18927530046916785,29,963,=1006,2024-08-09 16:38:00
1000,21,64,0.5898983315123884,255,90,=1013,2024-08-09 16:39:00
